model,variant_id,mutation_signature,mutation_order,observed,predicted,abs_error,selected_setting,inner_mae
ridge_mutation_count,WT,WT,0,77.66666666666667,174.48958333333331,96.82291666666664,alpha=0.01,34.58035714285714
ridge_mutation_count,D99G,99,1,144.0,171.8189484126984,27.818948412698404,alpha=10.0,42.696078431372555
ridge_mutation_count,D99V,99,1,147.66666666666666,171.33151455026456,23.6648478835979,alpha=10.0,43.1657913165266
ridge_mutation_count,D99R,99,1,194.0,160.81861772486772,33.18138227513228,alpha=100.0,40.69602525589674
ridge_mutation_count,F134W,134,1,217.0,157.91319444444443,59.08680555555557,alpha=100.0,36.57992601246106
ridge_mutation_count,D304M,304,1,233.5,155.82886904761904,77.67113095238096,alpha=100.0,33.98547136923304
ridge_mutation_count,D304E,304,1,171.25,163.6924603174603,7.557539682539698,alpha=100.0,44.767384290164664
ridge_mutation_count,D304Q,304,1,157.0,170.0907738095238,13.090773809523796,alpha=10.0,44.5220004668534
ridge_mutation_count,D304V,304,1,131.5,168.71378968253967,37.21378968253967,alpha=100.0,41.26125574840526
ridge_physical,WT,WT,0,77.66666666666667,173.14091676644594,95.47425009977927,alpha=100.0,34.44618461335933
ridge_physical,D99G,99,1,144.0,160.29122283773737,16.291222837737365,alpha=100.0,48.52191240970175
ridge_physical,D99V,99,1,147.66666666666666,160.09001231273595,12.423345646069293,alpha=100.0,42.938195169378815
ridge_physical,D99R,99,1,194.0,158.06987710408046,35.93012289591954,alpha=100.0,41.40503139222975
ridge_physical,F134W,134,1,217.0,154.9805099339234,62.0194900660766,alpha=100.0,35.886258867815826
ridge_physical,D304M,304,1,233.5,153.047919222199,80.452080777801,alpha=100.0,32.55614757306004
ridge_physical,D304E,304,1,171.25,162.9068886956055,8.343111304394512,alpha=100.0,44.45934850394126
ridge_physical,D304Q,304,1,157.0,165.89531189905375,8.895311899053752,alpha=100.0,44.34540451839604
ridge_physical,D304V,304,1,131.5,170.9871734477706,39.4871734477706,alpha=100.0,41.22475912151795
knn_physical,WT,WT,0,77.66666666666667,161.12926046462286,83.46259379795619,k=5,33.645852503889614
knn_physical,D99G,99,1,144.0,155.45382140398573,11.453821403985728,k=7,45.086752869139616
knn_physical,D99V,99,1,147.66666666666666,136.85002546955488,10.816641197111778,k=5,45.8972326102029
knn_physical,D99R,99,1,194.0,135.2126904752779,58.787309524722104,k=5,41.47120467180417
knn_physical,F134W,134,1,217.0,141.31174878281413,75.68825121718587,k=7,36.816715473939
knn_physical,D304M,304,1,233.5,146.6279269336947,86.87207306630529,k=5,33.66644802009614
knn_physical,D304E,304,1,171.25,153.41186657474594,17.838133425254057,k=5,43.637323357848686
knn_physical,D304Q,304,1,157.0,164.8916346598225,7.8916346598225005,k=5,45.29481088874912
knn_physical,D304V,304,1,131.5,169.64519094630137,38.14519094630137,k=5,40.83050943097096
bayesian_ridge_physical,WT,WT,0,77.66666666666667,170.51709386418395,92.85042719751728,pre-specified,
bayesian_ridge_physical,D99G,99,1,144.0,166.18930175772883,22.189301757728828,pre-specified,
bayesian_ridge_physical,D99V,99,1,147.66666666666666,165.72510080231132,18.05843413564466,pre-specified,
bayesian_ridge_physical,D99R,99,1,194.0,59.129208390483754,134.87079160951623,pre-specified,
bayesian_ridge_physical,F134W,134,1,217.0,150.32124830600557,66.67875169399443,pre-specified,
bayesian_ridge_physical,D304M,304,1,233.5,152.07822508105332,81.42177491894668,pre-specified,
bayesian_ridge_physical,D304E,304,1,171.25,162.7967092919259,8.453290708074093,pre-specified,
bayesian_ridge_physical,D304Q,304,1,157.0,165.88360368412341,8.883603684123415,pre-specified,
bayesian_ridge_physical,D304V,304,1,131.5,179.99931957026266,48.49931957026266,pre-specified,
random_forest_physical_fixed,WT,WT,0,77.66666666666667,180.1890499999999,102.52238333333322,pre-specified,
random_forest_physical_fixed,D99G,99,1,144.0,153.0823333333332,9.082333333333196,pre-specified,
random_forest_physical_fixed,D99V,99,1,147.66666666666666,154.58440833333322,6.917741666666558,pre-specified,
random_forest_physical_fixed,D99R,99,1,194.0,146.21721666666664,47.782783333333356,pre-specified,
random_forest_physical_fixed,F134W,134,1,217.0,134.22298055555547,82.77701944444453,pre-specified,
random_forest_physical_fixed,D304M,304,1,233.5,154.15574722222215,79.34425277777785,pre-specified,
random_forest_physical_fixed,D304E,304,1,171.25,171.1564416666666,0.09355833333339092,pre-specified,
random_forest_physical_fixed,D304Q,304,1,157.0,178.3416347222223,21.341634722222295,pre-specified,
random_forest_physical_fixed,D304V,304,1,131.5,165.34803194444436,33.84803194444436,pre-specified,
